repository,pr_title,pr_url,manual_checked,linked_issue,detected_at,dependencyConvergence_rule,no_of_comments,resolved_at,time_to_merge,time_from_detection_to_resolution,no_of_api_calls_changed,time_from_introduction_to_resolution,logged_time
stargate/stargate,Remove use of unshaded guava (fix #1229),https://github.com/stargate/stargate/pull/1253,1,https://github.com/stargate/stargate/issues/1229,2021-09-08T16:10:00Z,,44,2021-09-21T19:15:14Z,141.5897222,315.0872222,x,,
jenkinsci/github-checks-plugin,Add support for GitSCM sources,https://github.com/jenkinsci/github-checks-plugin/pull/26,1,,,,28,2020-08-20T05:08:58Z,134.8075,,,,
matsim-org/matsim-libs,Contrib dependency management,https://github.com/matsim-org/matsim-libs/pull/1291,1,,,1,27,2021-01-15T09:52:37Z,739.2597222,,,,
trinodb/trino,Introduce IcebergFileWriter and collect file stats directly from ORC writers,https://github.com/trinodb/trino/pull/4055,1,,,,27,2020-06-29T22:36:19Z,310.3811111,,x,,
apache/skywalking,Add an agent plugin to support elasticsearch7 ,https://github.com/apache/skywalking/pull/6759,1,,,,14,2021-04-16T10:06:19Z,24.67416667,,,,
apache/flink-cdc,[FLINK-36858][pipeline-connector][kafka] Fix compatibility with Flink 1.20 JsonRowDataSerializationSchema,https://github.com/apache/flink-cdc/pull/3784,1,,,,12,2025-01-13T11:22:18Z,842.6694444,,,,
apache/doris,[Fix](ranger)Resolving JSR 311 conflicts,https://github.com/apache/doris/pull/37575,1,,,,12,2024-07-10T08:35:32Z,5.222777778,,,,
apache/dolphinscheduler,[Fix-14512][BOM] kubernetes-client version conflict,https://github.com/apache/dolphinscheduler/pull/14561,1,https://github.com/apache/dolphinscheduler/issues/14512,2023-07-12T02:40:31Z,,11,2023-07-21T10:17:53Z,140.7008333,223.6227778,,,
nosqlbench/nosqlbench,Update NBS4J version to 4.0.1 ,https://github.com/nosqlbench/nosqlbench/pull/1353,1,,,,11,2023-06-26T18:51:05Z,63.96805556,,,,
apache/pulsar,Rollback protobuf version to 3.5.1,https://github.com/apache/pulsar/pull/8014,1,,,,10,2020-09-10T10:40:57Z,32.52138889,,,,
StarRocks/starrocks,[BugFix] downgrade jetty to 9.x for hadoop-azure,https://github.com/StarRocks/starrocks/pull/57898,1,,,,10,2025-04-11T12:19:04Z,23.81611111,,,,
langchain4j/langchain4j,re #1506 Enable Maven enforcer plugin and fix dependency conflict introduced by `okhttp` dependency in 19 modules.,https://github.com/langchain4j/langchain4j/pull/1645,1,,,1,10,2024-08-27T15:44:07Z,1.184166667,,,,
spring-cloud/spring-cloud-stream,Remove kafka scala dependency management,https://github.com/spring-cloud/spring-cloud-stream/pull/2489,1,,,,9,2022-08-23T02:52:59Z,71.65611111,,,,
linagora/james-project,"Revert ""JAMES-2855 Upgrade junit 5 dependencies""",https://github.com/linagora/james-project/pull/2612,1,,,,9,2019-08-23T04:22:13Z,43.7025,,,,
alibaba/nacos,"[ISSUE #7698] refactor: remove httpasyncclient version dependency management,  avoid version conflicts",https://github.com/alibaba/nacos/pull/10170,1,,,,8,2023-03-31T06:53:21Z,207.6202778,,,,
streamnative/kop,Exclude grpc package from pulsar-broker,https://github.com/streamnative/kop/pull/1253,1,,,,8,2022-04-24T07:53:49Z,4.5875,,,,
stargate/stargate,"SGv2: exclude old validation api, update to latest DropWizard",https://github.com/stargate/stargate/pull/1493,1,,,,8,2021-12-15T21:34:11Z,0.069722222,,,,
expediagroup/circus-train,"Guava version conflicts, managed dependencies for Google Cloud",https://github.com/ExpediaGroup/circus-train/pull/39,1,,,,7,2018-02-23T13:39:54Z,47.95944444,,,,
wesjd/anvilgui,Fix NoSuchMethodError on latest Spigot builds for Minecraft 1.21,https://github.com/WesJD/AnvilGUI/pull/343,1,https://github.com/WesJD/AnvilGUI/issues/342,2024-08-05T18:15:09Z,,7,2024-08-07T16:41:50Z,46.42694444,46.44472222,1,,
apache/doris,[Bug](web) fix web of frontend meet error,https://github.com/apache/doris/pull/19279,1,,,,7,2023-05-05T04:26:51Z,16.72416667,,,,
quarkusio/quarkus,"Bump kotlin to 1.5.30, coroutines to 1.5.1, dokka to 1.5.0",https://github.com/quarkusio/quarkus/pull/19632,1,https://github.com/quarkusio/quarkus/issues/18372,2021-07-02T21:53:35Z,,7,2021-08-25T02:53:18Z,4.742222222,1276.995278,,,
quarkiverse/quarkus-logging-manager,Attempting to Resolve NoSuchMethodError in Quarkus 3.1.0.Final,https://github.com/quarkiverse/quarkus-logging-manager/pull/199,1,,,,7,2023-06-01T11:51:04Z,0.575833333,,,,
StarRocks/starrocks,[Enhancement] Support Iceberg rest catalog with vended credential disabled,https://github.com/StarRocks/starrocks/pull/49141,1,,,,6,2024-08-08T02:23:47Z,209.3975,,,,
apache/uniffle,[#1567] fix(spark): Let Spark use its own NettyUtils,https://github.com/apache/uniffle/pull/1565,1,https://github.com/apache/uniffle/issues/1567,2024-03-07T16:19:29Z,,6,2024-03-11T01:53:26Z,88.03583333,81.56583333,,,
nosqlbench/nosqlbench,Update and align dependencies,https://github.com/nosqlbench/nosqlbench/pull/2082,1,,,,6,2024-11-18T18:58:10Z,87.91833333,,,,
apache/pulsar,[Build] Specify release in maven-compiler-plugin configuration on JDK11,https://github.com/apache/pulsar/pull/10343,1,https://github.com/apache/pulsar/issues/8445,2020-11-04T05:15:21Z,,6,2021-04-25T21:56:56Z,56.26111111,4144.693056,,,
apache/pulsar,[tiered storage] Pulsar standalone hangs when s3 offloader is enabled,https://github.com/apache/pulsar/pull/2374,1,,,,5,2018-08-16T19:54:36Z,42.6425,,,,
confluentinc/ksql,fix: Upgrade netty to 4.1.89.Final,https://github.com/confluentinc/ksql/pull/10033,1,,,,5,2023-07-26T17:41:09Z,25.67694444,,,,
uscdatascience/sparkler,Felix version conflicts fixed AND option to disable plugins,https://github.com/USCDataScience/sparkler/pull/77,1,,,,5,2017-02-08T04:36:20Z,24.66722222,,,,
hiero-ledger/hiero-mirror-node,Fix NoSuchMethodError during hcs-perf-subscribe-test ,https://github.com/hiero-ledger/hiero-mirror-node/pull/1252,1,,,,5,2020-11-10T15:05:03Z,15.90166667,,,,
jenkinsci/bitbucket-branch-source-plugin,Fix binary compatibility for PullRequestSCMRevision.getPull,https://github.com/jenkinsci/bitbucket-branch-source-plugin/pull/817,1,,,,5,2024-02-28T15:19:10Z,2.983333333,,1,,
openshift/jenkins-plugin,workaround okhttp3 version conflicts between plugins,https://github.com/openshift/jenkins-plugin/pull/148,1,https://github.com/openshift/jenkins-plugin/issues/147,2017-08-10T08:48:39Z,,5,2017-08-15T19:29:52Z,1.687777778,130.6869444,,,
apache/seatunnel,[hotfix][flink-1.13] fix flink example NPE & NoSuchMethodError,https://github.com/apache/seatunnel/pull/2589,1,,,,5,2022-09-01T08:36:34Z,1.354722222,,,,
apache/amoro,"[optimizer]For flinkcontainer optimizer, When making a connection via ams in high availability mode, NoSuchMethodError is encountered",https://github.com/apache/amoro/pull/1612,1,https://github.com/apache/amoro/issues/1611,2023-06-26T07:21:15Z,,4,2023-07-20T01:25:14Z,569.6872222,570.0663889,,,
apache/seatunnel,Feature: add spark sink hbase plugin,https://github.com/apache/seatunnel/pull/592,1,,,,4,2020-12-15T07:24:21Z,285.7136111,,,,
googlecloudplatform/dataflowtemplates,Fix a few dependency conflicts,https://github.com/GoogleCloudPlatform/DataflowTemplates/pull/1838,1,,,,4,2024-09-06T01:18:33Z,30.01027778,,,x,
apache/pulsar,Include pulsar-client-admin-api in the shaded version of pulsar-client-admin,https://github.com/apache/pulsar/pull/9689,1,,,,4,2021-02-24T23:01:28Z,25.69583333,,,x,
apache/doris,[bug](compile) fix fe compile error,https://github.com/apache/doris/pull/19946,1,,,,4,2023-05-23T10:20:49Z,6.9,,,,
census-instrumentation/opencensus-java,Example: Update dependency versions.,https://github.com/census-instrumentation/opencensus-java/pull/1527,1,,,,4,2018-10-31T20:50:22Z,2.536388889,,,,
wesjd/anvilgui,Fix: NoSuchMethodError on 1.19.1,https://github.com/WesJD/AnvilGUI/pull/222,1,https://github.com/WesJD/AnvilGUI/issues/221,2022-07-28T21:54:37Z,,4,2022-07-29T15:16:53Z,1.910833333,17.37111111,,,
apache/pulsar,moving pulsar storm tests under tests,https://github.com/apache/pulsar/pull/3000,1,,,,4,2018-11-16T23:03:20Z,1.887777778,,,,
apache/pulsar,"Revert ""Upgrade Rocksdb to 6.29.4.1 (#14886)""",https://github.com/apache/pulsar/pull/14962,1,https://github.com/apache/pulsar/issues/14961,2022-03-31T06:58:29Z,,4,2022-03-31T08:53:34Z,1.868888889,1.918055556,,,
apache/amoro,[AMORO-2560]Filformat ORC support roll new file for mixed_format,https://github.com/apache/amoro/pull/2561,1,,,,4,2024-02-22T11:27:23Z,1.062222222,,,,
langchain4j/langchain4j,re #1506 Enabling Maven (version) enforcer plugin in `LangChain4j :: Integration :: OpenAI` module.,https://github.com/langchain4j/langchain4j/pull/1508,1,,,1,3,2024-08-26T14:57:59Z,818.7766667,,,,
openmessaging/benchmark,Issue 391: Update Pravega library versions and deployment script,https://github.com/openmessaging/benchmark/pull/392,1,,,,3,2023-09-26T16:17:30Z,478.0116667,,,,
apache/dubbo-samples,Bump dubbo-samples-springcloud to jdk17 and springboot3.2.3,https://github.com/apache/dubbo-samples/pull/1130,1,,,,3,2024-04-15T15:15:45Z,104.0327778,,,,
janusgraph/janusgraph,Fix snakeyaml NoSuchMethodError in remote console,https://github.com/JanusGraph/janusgraph/pull/3764,1,https://github.com/JanusGraph/janusgraph/issues/3763,2023-05-04T04:26:01Z,,3,2023-05-12T02:21:03Z,68.15166667,189.9172222,,,
vanroy/spring-data-jest,Upgrade to latest Jest version 5.3.3,https://github.com/VanRoy/spring-data-jest/pull/56,1,,,,3,2018-03-12T20:25:44Z,56.44722222,,,,
apache/doris,[Fix](fe)Upgrade hive-catalog-shade version to 1.0.3,https://github.com/apache/doris/pull/18690,1,,,,3,2023-04-15T14:10:46Z,24.39527778,,,,
apache/pulsar,fix dependency issue with pulsar-io-common,https://github.com/apache/pulsar/pull/4398,1,,,,3,2019-05-29T22:52:26Z,22.46861111,,,,
vaadin/flow,chore: Upgrade webdrivermanager and delete node modules properly,https://github.com/vaadin/flow/pull/17379,1,,,,3,2023-08-08T08:14:51Z,21.86416667,,,,
googlecloudplatform/spring-cloud-gcp,fix: noSuchMethodError in BigQuerySampleApplicationIntegrationTests #3140,https://github.com/GoogleCloudPlatform/spring-cloud-gcp/pull/3146,1,,,,3,2024-08-22T17:19:40Z,20.18777778,,,,
apache/doris,[fix][chore](insert)(fe) Fix analysis error of insert stmt and modify grpc-netty dependency,https://github.com/apache/doris/pull/8265,1,,,,3,2022-03-01T03:12:10Z,18.76972222,,,,
tencent/spring-cloud-tencent,fix guava version conflict bug & fix router strong dependency on Load…,https://github.com/Tencent/spring-cloud-tencent/pull/236,1,https://github.com/Tencent/spring-cloud-tencent/issues/231,2022-06-14T07:11:47Z,,3,2022-06-16T03:40:11Z,15.24694444,44.47333333,,,
nosqlbench/nosqlbench,"Multiple enhancements and minor fixes for NB Pulsar, NB Kafka (S4K), and NB S4J adapters",https://github.com/nosqlbench/nosqlbench/pull/1271,1,,,,3,2023-05-17T15:27:20Z,14.39333333,,,,
openapitools/openapi-generator,[Java][RESTEasy] Fix version incompatibility,https://github.com/OpenAPITools/openapi-generator/pull/594,1,,,,3,2018-07-19T02:50:59Z,7.688611111,,,,
hortonworks/streamline,PR on top of STREAMLINE-489 and satish registry api changes PR,https://github.com/hortonworks/streamline/pull/308,1,,,,3,2016-11-02T06:46:12Z,6.786666667,,,,
skuzzle/restrict-imports-enforcer-rule,Bump guava library to get the fix for java.lang.NoSuchMethodError,https://github.com/skuzzle/restrict-imports-enforcer-rule/pull/37,1,,,,3,2019-06-03T10:07:43Z,6.709444444,,,,
quarkusio/quarkus,fix: version conflict for http-nio.,https://github.com/quarkusio/quarkus/pull/7393,1,,,,3,2020-02-24T16:56:14Z,0.109722222,,,,
apache/pulsar,fix #6834:  add pulsar-client-messagecrypto-bc into pulsar-client dependency to avoid method not found,https://github.com/apache/pulsar/pull/7447,1,https://github.com/apache/pulsar/issues/6834,2020-04-28T17:14:18Z,,2,2020-07-05T14:39:08Z,47.44583333,1629.413889,,,
apache/pulsar,[branch-2.7] Upgrade the BookKeeper version to 4.12.1,https://github.com/apache/pulsar/pull/16775,1,,,,2,2022-07-27T07:25:29Z,45.35388889,,,,
hortonworks/streamline,STREAMLINE-521 Fix version conflict for Jersey in Storm runtime,https://github.com/hortonworks/streamline/pull/338,1,,,,2,2016-11-24T04:42:26Z,24.15805556,,,,
vaadin/hilla,chore: upgrade flow to fix atmosphere runtime convergence,https://github.com/vaadin/hilla/pull/2640,1,,,,2,2024-08-06T07:25:10Z,21.02277778,,,,
apache/pulsar,Fix grpc version conflicts in pulsar binary distribution,https://github.com/apache/pulsar/pull/1846,1,,,,2,2018-05-26T16:33:28Z,10.44277778,,,,
apache/beam,[BEAM-3668] Quick workaround fix for netty conflict waiting better fix by BEAM-3519,https://github.com/apache/beam/pull/4653,1,https://issues.apache.org/jira/browse/BEAM-3668,2018-02-08T21:18:00Z,,2,2018-02-10T17:47:50Z,10.09555556,44.49722222,,,2h20m
openapitools/openapi-generator,[online] Fix for version conflicts with springfox/boot,https://github.com/OpenAPITools/openapi-generator/pull/7102,1,,,,2,2020-08-01T10:35:56Z,8.418888889,,,,
apache/pulsar,[fix] Upgrade Vertx to match BK's version (otherwise BK does not work),https://github.com/apache/pulsar/pull/20070,1,,,,2,2023-04-12T02:28:26Z,4.403055556,,,,
apache/linkis,Dispose of sqoop engine startup failure due to dependency library conflict,https://github.com/apache/linkis/pull/2356,1,,,,2,2022-06-28T08:03:23Z,4.141388889,,,,
apache/inlong,[INLONG-10318][Agent] Add PostgreSQL data source for Agent,https://github.com/apache/inlong/pull/10320,1,,,,2,2024-05-30T11:48:54Z,3.809166667,,,,
openapitools/openapi-generator,[CLI] Fix help command,https://github.com/OpenAPITools/openapi-generator/pull/1279,1,https://github.com/OpenAPITools/openapi-generator/issues/1278,2018-10-19T19:43:12Z,,2,2018-10-20T07:06:56Z,3.231111111,11.39555556,,,
syndesisio/syndesis,fix: revert `google-api-services-gmail` upgrade,https://github.com/syndesisio/syndesis/pull/7282,1,https://issues.redhat.com/browse/ENTESB-12192,2019-11-05T09:28:00Z,,2,2019-11-29T19:33:12Z,2.404166667,586.0866667,,,
eclipse-sw360/sw360,fix(licenseinfo): Exclude old commons-lang3 dependencies,https://github.com/eclipse-sw360/sw360/pull/459,1,,,,2,2019-01-29T14:09:09Z,0.611944444,,,,
streamnative/aop,Exclude grpc-related packages from pulsar-broker,https://github.com/streamnative/aop/pull/520,1,,,,2,2022-04-24T16:47:33Z,0.54,,,,
apache/pulsar,Fix: split-package conflict while server startup,https://github.com/apache/pulsar/pull/122,1,,,,2,2016-11-21T03:06:48Z,0.355555556,,,,
google/caliper,Moe Sync,https://github.com/google/caliper/pull/421,1,,,,2,2019-10-04T16:14:45Z,0.097777778,,,,
powsybl/powsybl-core,Add logback-core explicit dependency in dependencyManagement,https://github.com/powsybl/powsybl-core/pull/1471,1,,,,1,2020-09-21T17:17:18Z,146.0727778,,,,
nosqlbench/nosqlbench,"Revert ""[Snyk] Upgrade org.apache.pulsar:pulsar-client from 2.10.4 to 2.11.1""",https://github.com/nosqlbench/nosqlbench/pull/1284,1,,,,1,2023-05-25T13:59:21Z,136.7047222,,,,
apache/rocketmq-mqtt,Delete logback1.2.3 version conflict,https://github.com/apache/rocketmq-mqtt/pull/227,1,https://github.com/apache/rocketmq-mqtt/issues/225,2023-11-28T07:07:09Z,,1,2023-12-04T05:59:15Z,111.4897222,142.8683333,,,
spring-cloud/spring-cloud-dataflow,Fix restdocs generation,https://github.com/spring-cloud/spring-cloud-dataflow/pull/3422,1,https://github.com/spring-cloud/spring-cloud-dataflow/issues/3421,2019-08-08T19:54:36Z,,1,2019-08-12T14:01:17Z,77.56222222,90.11138889,,,
apache/linkis,use spring-boot-starter-jetty,https://github.com/apache/linkis/pull/1660,1,,,,1,2022-03-14T03:49:49Z,61.89138889,,,,
finos/legend-engine,Fix snakeyaml version,https://github.com/finos/legend-engine/pull/30,1,,,,1,2020-10-19T11:10:39Z,45.24861111,,,,
awslabs/emr-dynamodb-connector,Remove relocation for AWS SDKv2 dependencies,https://github.com/awslabs/emr-dynamodb-connector/pull/212,1,,,,1,2024-10-24T19:00:03Z,22.85472222,,,,
alldatacenter/alldata,修复 #587 问题 版本,https://github.com/alldatacenter/alldata/pull/595,1,https://github.com/alldatacenter/alldata/issues/587,2023-06-14T06:44:29Z,,1,2023-06-29T04:24:03Z,21.00527778,357.6594444,,,
elastic/apm-agent-java,Attachment without tools.jar,https://github.com/elastic/apm-agent-java/pull/791,1,,,,1,2019-08-14T08:53:42Z,20.37666667,,,,
googlecloudplatform/cloud-spanner-r2dbc,Revert spring-data-r2dbc to 1.4.4 (reverts #539),https://github.com/GoogleCloudPlatform/cloud-spanner-r2dbc/pull/541,1,,,,1,2022-05-18T14:21:25Z,18.1625,,,,
TuxCoding/FastLogin,Added latest Guava and SLF4J compatibility,https://github.com/TuxCoding/FastLogin/pull/659,1,,,,1,2021-12-01T15:34:14Z,15.23472222,,,,
lucko/bungeeguard,Support new BungeeCord API,https://github.com/lucko/BungeeGuard/pull/75,1,,,,1,2022-06-08T21:01:29Z,13.56388889,,,,
apache/pulsar,[client] Make dependency from client side auth plugins to pulsar-client-original optional,https://github.com/apache/pulsar/pull/3957,1,,,,1,2019-04-01T16:35:01Z,6.169444444,,,,
confluentinc/ksql,Upgrade netty to 4.1.87.Final,https://github.com/confluentinc/ksql/pull/9904,1,,,,1,2023-05-15T21:06:02Z,4.389166667,,,,
elastic/apm-agent-java,Fix NoSuchMethodError in external-plugin-test,https://github.com/elastic/apm-agent-java/pull/1312,1,,,,1,2020-07-27T10:57:21Z,3.234722222,,,,
sofastack/sofa-jraft,bugfix: hessian version conflict caused an issue where the serializer could not be customized,https://github.com/sofastack/sofa-jraft/pull/1073,1,https://github.com/sofastack/sofa-bolt/issues/338,2024-02-02T17:29:24Z,,1,2024-03-01T06:30:20Z,3.118888889,661.0155556,,,
consensys/tessera,Bugfix bouncycastle version conflict,https://github.com/Consensys/tessera/pull/736,1,https://github.com/Consensys/tessera/issues/731,2019-05-07T13:25:39Z,,1,2019-05-07T19:42:32Z,1.989166667,6.281388889,,,
confluentinc/ksql,chore: bump protobuf version to 3.17.0,https://github.com/confluentinc/ksql/pull/7711,1,,,,1,2021-06-22T20:10:52Z,1.941666667,,,,
open-feature/java-sdk,fix(deps): Spot bug scope change,https://github.com/open-feature/java-sdk/pull/173,1,,,,1,2022-11-04T00:18:38Z,1.314722222,,,,
apache/paimon,[test] Exclude orc dependency to avoid test fails in IDEA,https://github.com/apache/paimon/pull/3588,1,,,,1,2024-06-24T09:37:32Z,1.150555556,,,,
tencent/spring-cloud-tencent,fix not load application.yml bug & fix guava version conflict bug,https://github.com/Tencent/spring-cloud-tencent/pull/284,1,,,,1,2022-06-23T04:26:27Z,0.975833333,,,,
hiero-ledger/hiero-mirror-node,Fix NoSuchMethodError parsing HCS transactions,https://github.com/hiero-ledger/hiero-mirror-node/pull/460,1,https://github.com/hiero-ledger/hiero-mirror-node/issues/459,2019-12-20T20:47:27Z,,1,2019-12-20T21:26:29Z,0.570833333,0.650555556,,,
streamnative/mop,Add jackson dependency to avoid compile issue.,https://github.com/streamnative/mop/pull/1406,1,,,,1,2024-08-14T12:54:07Z,0.242222222,,,,
weiye-jing/datax-web,fix: servlet conflict with tomcat,https://github.com/WeiYe-Jing/datax-web/pull/287,1,,,,1,2020-08-28T02:44:28Z,0.125555556,,,,
pgbulkinsert/pgbulkinsert,Remove explicit dependency on checkerframework.,https://github.com/PgBulkInsert/PgBulkInsert/pull/126,1,,,,1,2023-10-05T07:57:23Z,0.020277778,,,,
apache/iotdb,[IOTDB-5772] spark-iotdb-connnector: support scala 2.11 & 2.12 and resolve the Thrift version conflict with Spark's,https://github.com/apache/iotdb/pull/9788,1,,,,0,2023-05-20T20:58:51Z,302.1419444,,,,
openmessaging/benchmark,[ISSUE #265]Fix com/fasterxml/jackson/annotation/JsonKey: NoClassDefoundError,https://github.com/openmessaging/benchmark/pull/266,1,https://github.com/openmessaging/benchmark/issues/265,2022-04-08T07:35:05Z,,0,2022-04-12T01:59:35Z,85.49388889,90.40833333,,,
googleapis/java-storage,build: switch to using junit 5 bom,https://github.com/googleapis/java-storage/pull/2680,1,,,,0,2024-08-23T17:31:39Z,69.60111111,,,,
googlecloudplatform/fda-mystudies,[v2.0.6] Fixed issue [Mobile] Studies are not displaying in Study list screen in mobile #3609,https://github.com/GoogleCloudPlatform/fda-mystudies/pull/3610,1,https://github.com/GoogleCloudPlatform/fda-mystudies/issues/3609,2021-05-25T10:33:42Z,,0,2021-05-28T05:48:17Z,63.535,67.24305556,,,
pinterest/teletraan,fix the jackson library conflict,https://github.com/pinterest/teletraan/pull/621,1,,,,0,2018-11-12T18:52:27Z,59.98694444,,,,
opentracing-contrib/java-specialagent,Do not instrument NoPluggabilityServletContext,https://github.com/opentracing-contrib/java-specialagent/pull/47,1,,,,0,2019-04-19T13:45:58Z,42.51305556,,,,
starrocks/starrocks-connector-for-apache-flink,Fix shade jackson,https://github.com/StarRocks/starrocks-connector-for-apache-flink/pull/163,1,https://github.com/StarRocks/starrocks-connector-for-apache-flink/issues/135,2022-11-04T02:46:21Z,,0,2022-12-14T08:30:21Z,24.49527778,965.7333333,,,
thingsboard/thingsboard,[3.3.1] Mqtt transport handler test with cleanup old netty versions,https://github.com/thingsboard/thingsboard/pull/5027,1,,,,0,2021-08-04T16:02:16Z,23.33722222,,,,
apache/hop,included stax2 in lib/core to fix NoSuchMethodError in StAX transform…,https://github.com/apache/hop/pull/4606,1,https://github.com/apache/hop/issues/4597,2024-11-21T11:07:31Z,,0,2024-11-23T14:59:59Z,20.40333333,51.87444444,,,
googleapis/java-spanner,fix: use grpc 1.27.2 to prevent version conflicts,https://github.com/googleapis/java-spanner/pull/105,1,,,,0,2020-03-16T02:34:24Z,18.94916667,,,,
prebid/prebid-server-java,Fix Jackson dependency in bundle submodule,https://github.com/prebid/prebid-server-java/pull/1459,1,,,,0,2021-09-07T09:09:03Z,16.7075,,,,
games647/changeskin,Added latest Guava and SLF4J versions compatibility,https://github.com/TuxCoding/ChangeSkin/pull/238,1,,,,0,2021-12-01T15:57:43Z,15.52416667,,,,
apache/incubator-seata-samples,fix: fix seata-spring-boot-starter conflict in pom.xml,https://github.com/apache/incubator-seata-samples/pull/680,1,,,,0,2024-05-21T02:42:21Z,13.23138889,,,,
apache/pulsar,Update gson version to 2.8.6,https://github.com/apache/pulsar/pull/8601,1,,,,0,2020-11-18T07:05:52Z,4.753055556,,,,
apache/incubator-hugegraph,fix(pd): log4j version conflict & follower NPE,https://github.com/apache/incubator-hugegraph/pull/2339,1,https://github.com/apache/incubator-hugegraph/issues/2340,2023-10-30T03:58:27Z,,0,2023-10-30T08:33:00Z,4.699166667,4.575833333,,,
googlecloudplatform/dataflowtemplates,updated proto-java to 3.21.9 to resolve conflicts,https://github.com/GoogleCloudPlatform/DataflowTemplates/pull/580,1,,,,0,2023-02-06T17:30:17Z,3.445555556,,,,
openidentityplatform/openam,FIX cargo-maven3-plugin uberwar: java.lang.NoSuchMethodError: void org.codehaus.plexus.util.xml.Xpp3Dom.<init>,https://github.com/OpenIdentityPlatform/OpenAM/pull/633,1,,,,0,2023-08-30T12:52:26Z,3.188888889,,,,
apache/camel-k-runtime,"Revert ""build(deps): bump logstash-logback-encoder from 7.3 to 7.4""",https://github.com/apache/camel-k-runtime/pull/1053,1,,,,0,2023-06-21T19:04:19Z,1.414722222,,,,
googlecloudplatform/pubsub,Update Kafka version number to avoid NoSuchMethodError when running c…,https://github.com/GoogleCloudPlatform/pubsub/pull/42,1,https://github.com/GoogleCloudPlatform/pubsub/issues/39,2016-12-10T00:43:43Z,,0,2016-12-21T15:46:52Z,1.255,279.0525,,,
streamnative/kop,upgrade pulsar dependency to 2.8.0-rc-202105251229,https://github.com/streamnative/kop/pull/528,1,,,,0,2021-05-26T13:11:42Z,0.986666667,,,,
apache/camel-quarkus,"Fix XSLT extension NoSuchMethodError: TransformerFactory.newInstance(String,ClassLoader)",https://github.com/apache/camel-quarkus/pull/736,1,https://github.com/apache/camel-quarkus/issues/721,2020-02-14T13:28:30Z,,0,2020-02-19T13:46:24Z,0.924722222,120.2983333,,,
alfresco/alfresco-community-repo,"Revert ""Bump dependency.log4j.version from 2.23.1 to 2.24.2""",https://github.com/Alfresco/alfresco-community-repo/pull/3063,1,,,,0,2024-11-28T14:26:55Z,0.827222222,,,,
eclipse-hawkbit/hawkbit,use vaadin-version placeholder in case of hard-coded vaadin version,https://github.com/eclipse-hawkbit/hawkbit/pull/158,1,,,,0,2016-04-29T08:48:05Z,0.470833333,,,,
geysermc/geyser,Relocate Google Common,https://github.com/GeyserMC/Geyser/pull/1242,1,,,,0,2020-09-03T03:42:54Z,0.461388889,,,,
jenkinsci/opentelemetry-plugin,Use the Jenkins okhttp-api plugin as a dependency to pull OKHTTP preventing version conflicts,https://github.com/jenkinsci/opentelemetry-plugin/pull/293,1,,,,0,2022-01-06T21:51:03Z,0.366111111,,,,
googleapis/java-bigtable,deps: fix UpperBoundsDep check for checker-qual,https://github.com/googleapis/java-bigtable/pull/941,1,,,,0,2021-08-09T17:46:27Z,0.273333333,,,,
prebid/prebid-server-java,Fix httpclient dependency,https://github.com/prebid/prebid-server-java/pull/1476,1,,,,0,2021-09-14T17:13:00Z,0.116944444,,,,
apache/shardingsphere,Fix netty multi version conflict problem,https://github.com/apache/shardingsphere/pull/7299,1,https://github.com/apache/shardingsphere/issues/7293,2020-09-07T10:47:26Z,,0,2020-09-07T13:37:42Z,0.110833333,2.837777778,,,
citrusframework/yaks,fix[ENTESB-12609]: Spring major version conflicts,https://github.com/citrusframework/yaks/pull/39,1,,,,0,2020-01-15T09:04:52Z,0.101666667,,,,
apache/incubator-seata-samples, fix java.lang.NoSuchMethodError: org.springframework.http.MediaType,https://github.com/apache/incubator-seata-samples/pull/173,1,,,,0,2019-07-05T06:52:53Z,0.075833333,,,,
openzipkin/zipkin-gcp,Packages new guava in the module as it is later than spring boot,https://github.com/openzipkin/zipkin-gcp/pull/72,1,,,,0,2018-04-03T07:44:51Z,0.067222222,,,,
apache/incubator-seata-samples, fix java.lang.NoSuchMethodError: org.springframework.http.MediaType,https://github.com/apache/incubator-seata-samples/pull/171,1,https://github.com/apache/incubator-seata-samples/issues/170,2019-07-04T13:07:50Z,,0,2019-07-04T13:18:24Z,0.057222222,0.176111111,,,
confluentinc/examples,DEVX-2580: Bump Avro version from 1.9.1 to 1.10.1; extend timeout to …,https://github.com/confluentinc/examples/pull/999,1,,,,0,2021-06-01T13:22:11Z,0.018333333,,,,
